"Name","Type","Index","ProgressStart","Progress","League","Tier","SeasonEndRewardKeys","PrimaryLvlUpRewardType","PrimaryLvlUpRewardCount","PrimaryLvlUpRewardExtraData","PrimaryLvlUpRewardHero","SecondaryLvlUpRewardType","SecondaryLvlUpRewardCount","SecondaryLvlUpRewardExtraData","SecondaryLvlUpRewardHero"
"string","int","int","int","int","int","int","int","int","int","int","string","int","int","int","string"
"goal_1_0",1,0,0,10,0,0,0,11,10,0,,-1,,,
"goal_1_1",1,1,10,10,0,0,0,11,10,0,,-1,,,
"goal_1_2",1,2,20,10,0,0,0,11,10,0,,-1,,,
"goal_1_3",1,3,30,10,0,0,0,11,10,0,,-1,,,
"goal_1_4",1,4,40,20,0,0,0,11,10,0,,-1,,,
"goal_1_5",1,5,60,20,0,0,0,11,10,0,,-1,,,
"goal_1_6",1,6,80,20,0,0,0,11,10,0,,-1,,,
"goal_1_7",1,7,100,20,0,0,0,11,10,0,,-1,,,
"goal_1_8",1,8,120,20,0,0,0,11,10,0,,17,100,,
"goal_1_9",1,9,140,20,0,0,0,11,10,0,,-1,,,
"goal_1_10",1,10,160,20,0,0,0,11,10,0,,-1,,,
"goal_1_11",1,11,180,40,0,0,0,11,10,0,,-1,,,
"goal_1_12",1,12,220,40,0,0,0,11,10,0,,-1,,,
"goal_1_13",1,13,260,40,0,0,0,11,10,0,,17,200,,
"goal_1_14",1,14,300,40,0,0,0,11,10,0,,-1,,,
"goal_1_15",1,15,340,40,0,0,0,11,10,0,,-1,,,
"goal_1_16",1,16,380,40,0,0,0,11,10,0,,-1,,,
"goal_1_17",1,17,420,40,0,0,0,11,10,0,,-1,,,
"goal_1_18",1,18,460,40,0,0,0,11,10,0,,17,300,,
"goal_5_0",5,0,0,40,0,0,0,11,20,0,,-1,,,
"goal_5_1",5,1,40,50,0,0,0,11,20,0,,-1,,,
"goal_5_2",5,2,90,60,0,0,0,11,20,0,,-1,,,
"goal_5_3",5,3,150,70,0,0,0,11,20,0,,-1,,,
"goal_5_4",5,4,220,80,0,0,0,11,20,0,,-1,,,
"goal_5_5",5,5,300,90,0,0,0,11,20,0,,-1,,,
"goal_5_6",5,6,390,100,0,0,0,11,20,0,,-1,,,
"goal_5_7",5,7,490,110,0,0,0,11,20,0,,-1,,,
"goal_5_8",5,8,600,120,0,0,0,11,20,0,,-1,,,
"goal_5_9",5,9,720,130,0,0,0,11,20,0,,-1,,,
"goal_5_10",5,10,850,140,0,0,0,11,20,0,,-1,,,
"goal_5_11",5,11,990,150,0,0,0,11,20,0,,-1,,,
"goal_5_12",5,12,1140,160,0,0,0,11,20,0,,-1,,,
"goal_5_13",5,13,1300,170,0,0,0,11,20,0,,-1,,,
"goal_5_14",5,14,1470,180,0,0,0,11,20,0,,-1,,,
"goal_5_15",5,15,1650,190,0,0,0,11,20,0,,-1,,,
"goal_5_16",5,16,1840,200,0,0,0,11,20,0,,-1,,,
"goal_5_17",5,17,2040,210,0,0,0,11,20,0,,-1,,,
"goal_5_18",5,18,2250,220,0,0,0,11,20,0,,-1,,,
"goal_5_19",5,19,2470,230,0,0,0,11,20,0,,-1,,,
"goal_5_20",5,20,2700,240,0,0,0,11,20,0,,-1,,,
"goal_5_21",5,21,2940,250,0,0,0,11,20,0,,-1,,,
"goal_5_22",5,22,3190,260,0,0,0,11,20,0,,-1,,,
"goal_5_23",5,23,3450,270,0,0,0,11,20,0,,-1,,,
"goal_5_24",5,24,3720,280,0,0,0,11,20,0,,-1,,,
"goal_5_25",5,25,4000,290,0,0,0,11,20,0,,-1,,,
"goal_5_26",5,26,4290,300,0,0,0,11,20,0,,-1,,,
"goal_5_27",5,27,4590,310,0,0,0,11,20,0,,-1,,,
"goal_5_28",5,28,4900,320,0,0,0,11,20,0,,-1,,,
"goal_5_29",5,29,5220,330,0,0,0,11,20,0,,-1,,,
"goal_5_30",5,30,5550,340,0,0,0,11,20,0,,-1,,,
"goal_5_31",5,31,5890,350,0,0,0,11,20,0,,-1,,,
"goal_5_32",5,32,6240,360,0,0,0,11,20,0,,-1,,,
"goal_5_33",5,33,6600,370,0,0,0,11,20,0,,-1,,,
"goal_5_34",5,34,6970,380,0,0,0,11,20,0,,-1,,,
"goal_5_35",5,35,7350,390,0,0,0,11,20,0,,-1,,,
"goal_5_36",5,36,7740,400,0,0,0,11,20,0,,-1,,,
"goal_5_37",5,37,8140,410,0,0,0,11,20,0,,-1,,,
"goal_5_38",5,38,8550,420,0,0,0,11,20,0,,-1,,,
"goal_5_39",5,39,8970,430,0,0,0,11,20,0,,-1,,,
"goal_5_40",5,40,9400,440,0,0,0,11,20,0,,-1,,,
"goal_5_41",5,41,9840,450,0,0,0,11,20,0,,-1,,,
"goal_5_42",5,42,10290,460,0,0,0,11,20,0,,-1,,,
"goal_5_43",5,43,10750,470,0,0,0,11,20,0,,-1,,,
"goal_5_44",5,44,11220,480,0,0,0,11,20,0,,-1,,,
"goal_5_45",5,45,11700,490,0,0,0,11,20,0,,-1,,,
"goal_5_46",5,46,12190,500,0,0,0,11,20,0,,-1,,,
"goal_5_47",5,47,12690,510,0,0,0,11,20,0,,-1,,,
"goal_5_48",5,48,13200,520,0,0,0,11,20,0,,-1,,,
"goal_5_49",5,49,13720,530,0,0,0,11,20,0,,-1,,,
"goal_5_50",5,50,14250,540,0,0,0,11,20,0,,-1,,,
"goal_5_51",5,51,14790,550,0,0,0,11,20,0,,-1,,,
"goal_5_52",5,52,15340,560,0,0,0,11,20,0,,-1,,,
"goal_5_53",5,53,15900,570,0,0,0,11,20,0,,-1,,,
"goal_5_54",5,54,16470,580,0,0,0,11,20,0,,-1,,,
"goal_5_55",5,55,17050,590,0,0,0,11,20,0,,-1,,,
"goal_5_56",5,56,17640,600,0,0,0,11,20,0,,-1,,,
"goal_5_57",5,57,18240,610,0,0,0,11,20,0,,-1,,,
"goal_5_58",5,58,18850,620,0,0,0,11,20,0,,-1,,,
"goal_5_59",5,59,19470,630,0,0,0,11,20,0,,-1,,,
"goal_5_60",5,60,20100,640,0,0,0,11,20,0,,-1,,,
"goal_5_61",5,61,20740,650,0,0,0,11,20,0,,-1,,,
"goal_5_62",5,62,21390,660,0,0,0,11,20,0,,-1,,,
"goal_5_63",5,63,22050,670,0,0,0,11,20,0,,-1,,,
"goal_5_64",5,64,22720,680,0,0,0,11,20,0,,-1,,,
"goal_5_65",5,65,23400,690,0,0,0,11,20,0,,-1,,,
"goal_5_66",5,66,24090,700,0,0,0,11,20,0,,-1,,,
"goal_5_67",5,67,24790,710,0,0,0,11,20,0,,-1,,,
"goal_5_68",5,68,25500,720,0,0,0,11,20,0,,-1,,,
"goal_5_69",5,69,26220,730,0,0,0,11,20,0,,-1,,,
"goal_5_70",5,70,26950,740,0,0,0,11,20,0,,-1,,,
"goal_5_71",5,71,27690,750,0,0,0,11,20,0,,-1,,,
"goal_5_72",5,72,28440,760,0,0,0,11,20,0,,-1,,,
"goal_5_73",5,73,29200,770,0,0,0,11,20,0,,-1,,,
"goal_5_74",5,74,29970,780,0,0,0,11,20,0,,-1,,,
"goal_5_75",5,75,30750,790,0,0,0,11,20,0,,-1,,,
"goal_5_76",5,76,31540,800,0,0,0,11,20,0,,-1,,,
"goal_5_77",5,77,32340,810,0,0,0,11,20,0,,-1,,,
"goal_5_78",5,78,33150,820,0,0,0,11,20,0,,-1,,,
"goal_5_79",5,79,33970,830,0,0,0,11,20,0,,-1,,,
"goal_5_80",5,80,34800,840,0,0,0,11,20,0,,-1,,,
"goal_5_81",5,81,35640,850,0,0,0,11,20,0,,-1,,,
"goal_5_82",5,82,36490,860,0,0,0,11,20,0,,-1,,,
"goal_5_83",5,83,37350,870,0,0,0,11,20,0,,-1,,,
"goal_5_84",5,84,38220,880,0,0,0,11,20,0,,-1,,,
"goal_5_85",5,85,39100,890,0,0,0,11,20,0,,-1,,,
"goal_5_86",5,86,39990,900,0,0,0,11,20,0,,-1,,,
"goal_5_87",5,87,40890,910,0,0,0,11,20,0,,-1,,,
"goal_5_88",5,88,41800,920,0,0,0,11,20,0,,-1,,,
"goal_5_89",5,89,42720,930,0,0,0,11,20,0,,-1,,,
"goal_5_90",5,90,43650,940,0,0,0,11,20,0,,-1,,,
"goal_5_91",5,91,44590,950,0,0,0,11,20,0,,-1,,,
"goal_5_92",5,92,45540,960,0,0,0,11,20,0,,-1,,,
"goal_5_93",5,93,46500,970,0,0,0,11,20,0,,-1,,,
"goal_5_94",5,94,47470,980,0,0,0,11,20,0,,-1,,,
"goal_5_95",5,95,48450,990,0,0,0,11,20,0,,-1,,,
"goal_5_96",5,96,49440,1000,0,0,0,11,20,0,,-1,,,
"goal_5_97",5,97,50440,1010,0,0,0,11,20,0,,-1,,,
"goal_5_98",5,98,51450,1020,0,0,0,11,20,0,,-1,,,
"goal_5_99",5,99,52470,1030,0,0,0,11,20,0,,-1,,,
"goal_5_100",5,100,53500,1040,0,0,0,11,20,0,,-1,,,
"goal_5_101",5,101,54540,1050,0,0,0,11,20,0,,-1,,,
"goal_5_102",5,102,55590,1060,0,0,0,11,20,0,,-1,,,
"goal_5_103",5,103,56650,1070,0,0,0,11,20,0,,-1,,,
"goal_5_104",5,104,57720,1080,0,0,0,11,20,0,,-1,,,
"goal_5_105",5,105,58800,1090,0,0,0,11,20,0,,-1,,,
"goal_5_106",5,106,59890,1100,0,0,0,11,20,0,,-1,,,
"goal_5_107",5,107,60990,1110,0,0,0,11,20,0,,-1,,,
"goal_5_108",5,108,62100,1120,0,0,0,11,20,0,,-1,,,
"goal_5_109",5,109,63220,1130,0,0,0,11,20,0,,-1,,,
"goal_5_110",5,110,64350,1140,0,0,0,11,20,0,,-1,,,
"goal_5_111",5,111,65490,1150,0,0,0,11,20,0,,-1,,,
"goal_5_112",5,112,66640,1160,0,0,0,11,20,0,,-1,,,
"goal_5_113",5,113,67800,1170,0,0,0,11,20,0,,-1,,,
"goal_5_114",5,114,68970,1180,0,0,0,11,20,0,,-1,,,
"goal_5_115",5,115,70150,1190,0,0,0,11,20,0,,-1,,,
"goal_5_116",5,116,71340,1200,0,0,0,11,20,0,,-1,,,
"goal_5_117",5,117,72540,1210,0,0,0,11,20,0,,-1,,,
"goal_5_118",5,118,73750,1220,0,0,0,11,20,0,,-1,,,
"goal_5_119",5,119,74970,1230,0,0,0,11,20,0,,-1,,,
"goal_5_120",5,120,76200,1240,0,0,0,11,20,0,,-1,,,
"goal_5_121",5,121,77440,1250,0,0,0,11,20,0,,-1,,,
"goal_5_122",5,122,78690,1260,0,0,0,11,20,0,,-1,,,
"goal_5_123",5,123,79950,1270,0,0,0,11,20,0,,-1,,,
"goal_5_124",5,124,81220,1280,0,0,0,11,20,0,,-1,,,
"goal_5_125",5,125,82500,1290,0,0,0,11,20,0,,-1,,,
"goal_5_126",5,126,83790,1300,0,0,0,11,20,0,,-1,,,
"goal_5_127",5,127,85090,1310,0,0,0,11,20,0,,-1,,,
"goal_5_128",5,128,86400,1320,0,0,0,11,20,0,,-1,,,
"goal_5_129",5,129,87720,1330,0,0,0,11,20,0,,-1,,,
"goal_5_130",5,130,89050,1340,0,0,0,11,20,0,,-1,,,
"goal_5_131",5,131,90390,1350,0,0,0,11,20,0,,-1,,,
"goal_5_132",5,132,91740,1360,0,0,0,11,20,0,,-1,,,
"goal_5_133",5,133,93100,1370,0,0,0,11,20,0,,-1,,,
"goal_5_134",5,134,94470,1380,0,0,0,11,20,0,,-1,,,
"goal_5_135",5,135,95850,1390,0,0,0,11,20,0,,-1,,,
"goal_5_136",5,136,97240,1400,0,0,0,11,20,0,,-1,,,
"goal_5_137",5,137,98640,1410,0,0,0,11,20,0,,-1,,,
"goal_5_138",5,138,100050,1420,0,0,0,11,20,0,,-1,,,
"goal_5_139",5,139,101470,1430,0,0,0,11,20,0,,-1,,,
"goal_5_140",5,140,102900,1440,0,0,0,11,20,0,,-1,,,
"goal_5_141",5,141,104340,1450,0,0,0,11,20,0,,-1,,,
"goal_5_142",5,142,105790,1460,0,0,0,11,20,0,,-1,,,
"goal_5_143",5,143,107250,1470,0,0,0,11,20,0,,-1,,,
"goal_5_144",5,144,108720,1480,0,0,0,11,20,0,,-1,,,
"goal_5_145",5,145,110200,1490,0,0,0,11,20,0,,-1,,,
"goal_5_146",5,146,111690,1500,0,0,0,11,20,0,,-1,,,
"goal_5_147",5,147,113190,1510,0,0,0,11,20,0,,-1,,,
"goal_5_148",5,148,114700,1520,0,0,0,11,20,0,,-1,,,
"goal_5_149",5,149,116220,1530,0,0,0,11,20,0,,-1,,,
"goal_5_150",5,150,117750,1540,0,0,0,11,20,0,,-1,,,
"goal_5_151",5,151,119290,1550,0,0,0,11,20,0,,-1,,,
"goal_5_152",5,152,120840,1560,0,0,0,11,20,0,,-1,,,
"goal_5_153",5,153,122400,1570,0,0,0,11,20,0,,-1,,,
"goal_5_154",5,154,123970,1580,0,0,0,11,20,0,,-1,,,
"goal_5_155",5,155,125550,1590,0,0,0,11,20,0,,-1,,,
"goal_5_156",5,156,127140,1600,0,0,0,11,20,0,,-1,,,
"goal_5_157",5,157,128740,1610,0,0,0,11,20,0,,-1,,,
"goal_5_158",5,158,130350,1620,0,0,0,11,20,0,,-1,,,
"goal_5_159",5,159,131970,1630,0,0,0,11,20,0,,-1,,,
"goal_5_160",5,160,133600,1640,0,0,0,11,20,0,,-1,,,
"goal_5_161",5,161,135240,1650,0,0,0,11,20,0,,-1,,,
"goal_5_162",5,162,136890,1660,0,0,0,11,20,0,,-1,,,
"goal_5_163",5,163,138550,1670,0,0,0,11,20,0,,-1,,,
"goal_5_164",5,164,140220,1680,0,0,0,11,20,0,,-1,,,
"goal_5_165",5,165,141900,1690,0,0,0,11,20,0,,-1,,,
"goal_5_166",5,166,143590,1700,0,0,0,11,20,0,,-1,,,
"goal_5_167",5,167,145290,1710,0,0,0,11,20,0,,-1,,,
"goal_5_168",5,168,147000,1720,0,0,0,11,20,0,,-1,,,
"goal_5_169",5,169,148720,1730,0,0,0,11,20,0,,-1,,,
"goal_5_170",5,170,150450,1740,0,0,0,11,20,0,,-1,,,
"goal_5_171",5,171,152190,1750,0,0,0,11,20,0,,-1,,,
"goal_5_172",5,172,153940,1760,0,0,0,11,20,0,,-1,,,
"goal_5_173",5,173,155700,1770,0,0,0,11,20,0,,-1,,,
"goal_5_174",5,174,157470,1780,0,0,0,11,20,0,,-1,,,
"goal_5_175",5,175,159250,1790,0,0,0,11,20,0,,-1,,,
"goal_5_176",5,176,161040,1800,0,0,0,11,20,0,,-1,,,
"goal_5_177",5,177,162840,1810,0,0,0,11,20,0,,-1,,,
"goal_5_178",5,178,164650,1820,0,0,0,11,20,0,,-1,,,
"goal_5_179",5,179,166470,1830,0,0,0,11,20,0,,-1,,,
"goal_5_180",5,180,168300,1840,0,0,0,11,20,0,,-1,,,
"goal_5_181",5,181,170140,1850,0,0,0,11,20,0,,-1,,,
"goal_5_182",5,182,171990,1860,0,0,0,11,20,0,,-1,,,
"goal_5_183",5,183,173850,1870,0,0,0,11,20,0,,-1,,,
"goal_5_184",5,184,175720,1880,0,0,0,11,20,0,,-1,,,
"goal_5_185",5,185,177600,1890,0,0,0,11,20,0,,-1,,,
"goal_5_186",5,186,179490,1900,0,0,0,11,20,0,,-1,,,
"goal_5_187",5,187,181390,1910,0,0,0,11,20,0,,-1,,,
"goal_5_188",5,188,183300,1920,0,0,0,11,20,0,,-1,,,
"goal_5_189",5,189,185220,1930,0,0,0,11,20,0,,-1,,,
"goal_5_190",5,190,187150,1940,0,0,0,11,20,0,,-1,,,
"goal_5_191",5,191,189090,1950,0,0,0,11,20,0,,-1,,,
"goal_5_192",5,192,191040,1960,0,0,0,11,20,0,,-1,,,
"goal_5_193",5,193,193000,1970,0,0,0,11,20,0,,-1,,,
"goal_5_194",5,194,194970,1980,0,0,0,11,20,0,,-1,,,
"goal_5_195",5,195,196950,1990,0,0,0,11,20,0,,-1,,,
"goal_5_196",5,196,198940,2000,0,0,0,11,20,0,,-1,,,
"goal_5_197",5,197,200940,2010,0,0,0,11,20,0,,-1,,,
"goal_5_198",5,198,202950,2020,0,0,0,11,20,0,,-1,,,
"goal_5_199",5,199,204970,2030,0,0,0,11,20,0,,-1,,,
"goal_5_200",5,200,207000,2040,0,0,0,11,20,0,,-1,,,
"goal_5_201",5,201,209040,2050,0,0,0,11,20,0,,-1,,,
"goal_5_202",5,202,211090,2060,0,0,0,11,20,0,,-1,,,
"goal_5_203",5,203,213150,2070,0,0,0,11,20,0,,-1,,,
"goal_5_204",5,204,215220,2080,0,0,0,11,20,0,,-1,,,
"goal_5_205",5,205,217300,2090,0,0,0,11,20,0,,-1,,,
"goal_5_206",5,206,219390,2100,0,0,0,11,20,0,,-1,,,
"goal_5_207",5,207,221490,2110,0,0,0,11,20,0,,-1,,,
"goal_5_208",5,208,223600,2120,0,0,0,11,20,0,,-1,,,
"goal_5_209",5,209,225720,2130,0,0,0,11,20,0,,-1,,,
"goal_5_210",5,210,227850,2140,0,0,0,11,20,0,,-1,,,
"goal_5_211",5,211,229990,2150,0,0,0,11,20,0,,-1,,,
"goal_5_212",5,212,232140,2160,0,0,0,11,20,0,,-1,,,
"goal_5_213",5,213,234300,2170,0,0,0,11,20,0,,-1,,,
"goal_5_214",5,214,236470,2180,0,0,0,11,20,0,,-1,,,
"goal_5_215",5,215,238650,2190,0,0,0,11,20,0,,-1,,,
"goal_5_216",5,216,240840,2200,0,0,0,11,20,0,,-1,,,
"goal_5_217",5,217,243040,2210,0,0,0,11,20,0,,-1,,,
"goal_5_218",5,218,245250,2220,0,0,0,11,20,0,,-1,,,
"goal_5_219",5,219,247470,2230,0,0,0,11,20,0,,-1,,,
"goal_5_220",5,220,249700,2240,0,0,0,11,20,0,,-1,,,
"goal_5_221",5,221,251940,2250,0,0,0,11,20,0,,-1,,,
"goal_5_222",5,222,254190,2260,0,0,0,11,20,0,,-1,,,
"goal_5_223",5,223,256450,2270,0,0,0,11,20,0,,-1,,,
"goal_5_224",5,224,258720,2280,0,0,0,11,20,0,,-1,,,
"goal_5_225",5,225,261000,2290,0,0,0,11,20,0,,-1,,,
"goal_5_226",5,226,263290,2300,0,0,0,11,20,0,,-1,,,
"goal_5_227",5,227,265590,2310,0,0,0,11,20,0,,-1,,,
"goal_5_228",5,228,267900,2320,0,0,0,11,20,0,,-1,,,
"goal_5_229",5,229,270220,2330,0,0,0,11,20,0,,-1,,,
"goal_5_230",5,230,272550,2340,0,0,0,11,20,0,,-1,,,
"goal_5_231",5,231,274890,2350,0,0,0,11,20,0,,-1,,,
"goal_5_232",5,232,277240,2360,0,0,0,11,20,0,,-1,,,
"goal_5_233",5,233,279600,2370,0,0,0,11,20,0,,-1,,,
"goal_5_234",5,234,281970,2380,0,0,0,11,20,0,,-1,,,
"goal_5_235",5,235,284350,2390,0,0,0,11,20,0,,-1,,,
"goal_5_236",5,236,286740,2400,0,0,0,11,20,0,,-1,,,
"goal_5_237",5,237,289140,2410,0,0,0,11,20,0,,-1,,,
"goal_5_238",5,238,291550,2420,0,0,0,11,20,0,,-1,,,
"goal_5_239",5,239,293970,2430,0,0,0,11,20,0,,-1,,,
"goal_5_240",5,240,296400,2440,0,0,0,11,20,0,,-1,,,
"goal_5_241",5,241,298840,2450,0,0,0,11,20,0,,-1,,,
"goal_5_242",5,242,301290,2460,0,0,0,11,20,0,,-1,,,
"goal_5_243",5,243,303750,2470,0,0,0,11,20,0,,-1,,,
"goal_5_244",5,244,306220,2480,0,0,0,11,20,0,,-1,,,
"goal_5_245",5,245,308700,2490,0,0,0,11,20,0,,-1,,,
"goal_5_246",5,246,311190,2500,0,0,0,11,20,0,,-1,,,
"goal_5_247",5,247,313690,2510,0,0,0,11,20,0,,-1,,,
"goal_5_248",5,248,316200,2520,0,0,0,11,20,0,,-1,,,
"goal_5_249",5,249,318720,2530,0,0,0,11,20,0,,-1,,,
"goal_5_250",5,250,321250,2540,0,0,0,11,20,0,,-1,,,
"goal_5_251",5,251,323790,2550,0,0,0,11,20,0,,-1,,,
"goal_5_252",5,252,326340,2560,0,0,0,11,20,0,,-1,,,
"goal_5_253",5,253,328900,2570,0,0,0,11,20,0,,-1,,,
"goal_5_254",5,254,331470,2580,0,0,0,11,20,0,,-1,,,
"goal_5_255",5,255,334050,2590,0,0,0,11,20,0,,-1,,,
"goal_5_256",5,256,336640,2600,0,0,0,11,20,0,,-1,,,
"goal_5_257",5,257,339240,2610,0,0,0,11,20,0,,-1,,,
"goal_5_258",5,258,341850,2620,0,0,0,11,20,0,,-1,,,
"goal_5_259",5,259,344470,2630,0,0,0,11,20,0,,-1,,,
"goal_5_260",5,260,347100,2640,0,0,0,11,20,0,,-1,,,
"goal_5_261",5,261,349740,2650,0,0,0,11,20,0,,-1,,,
"goal_5_262",5,262,352390,2660,0,0,0,11,20,0,,-1,,,
"goal_5_263",5,263,355050,2670,0,0,0,11,20,0,,-1,,,
"goal_5_264",5,264,357720,2680,0,0,0,11,20,0,,-1,,,
"goal_5_265",5,265,360400,2690,0,0,0,11,20,0,,-1,,,
"goal_5_266",5,266,363090,2700,0,0,0,11,20,0,,-1,,,
"goal_5_267",5,267,365790,2710,0,0,0,11,20,0,,-1,,,
"goal_5_268",5,268,368500,2720,0,0,0,11,20,0,,-1,,,
"goal_5_269",5,269,371220,2730,0,0,0,11,20,0,,-1,,,
"goal_5_270",5,270,373950,2740,0,0,0,11,20,0,,-1,,,
"goal_5_271",5,271,376690,2750,0,0,0,11,20,0,,-1,,,
"goal_5_272",5,272,379440,2760,0,0,0,11,20,0,,-1,,,
"goal_5_273",5,273,382200,2770,0,0,0,11,20,0,,-1,,,
"goal_5_274",5,274,384970,2780,0,0,0,11,20,0,,-1,,,
"goal_5_275",5,275,387750,2790,0,0,0,11,20,0,,-1,,,
"goal_5_276",5,276,390540,2800,0,0,0,11,20,0,,-1,,,
"goal_5_277",5,277,393340,2810,0,0,0,11,20,0,,-1,,,
"goal_5_278",5,278,396150,2820,0,0,0,11,20,0,,-1,,,
"goal_5_279",5,279,398970,2830,0,0,0,11,20,0,,-1,,,
"goal_5_280",5,280,401800,2840,0,0,0,11,20,0,,-1,,,
"goal_5_281",5,281,404640,2850,0,0,0,11,20,0,,-1,,,
"goal_5_282",5,282,407490,2860,0,0,0,11,20,0,,-1,,,
"goal_5_283",5,283,410350,2870,0,0,0,11,20,0,,-1,,,
"goal_5_284",5,284,413220,2880,0,0,0,11,20,0,,-1,,,
"goal_5_285",5,285,416100,2890,0,0,0,11,20,0,,-1,,,
"goal_5_286",5,286,418990,2900,0,0,0,11,20,0,,-1,,,
"goal_5_287",5,287,421890,2910,0,0,0,11,20,0,,-1,,,
"goal_5_288",5,288,424800,2920,0,0,0,11,20,0,,-1,,,
"goal_5_289",5,289,427720,2930,0,0,0,11,20,0,,-1,,,
"goal_5_290",5,290,430650,2940,0,0,0,11,20,0,,-1,,,
"goal_5_291",5,291,433590,2950,0,0,0,11,20,0,,-1,,,
"goal_5_292",5,292,436540,2960,0,0,0,11,20,0,,-1,,,
"goal_5_293",5,293,439500,2970,0,0,0,11,20,0,,-1,,,
"goal_5_294",5,294,442470,2980,0,0,0,11,20,0,,-1,,,
"goal_5_295",5,295,445450,2990,0,0,0,11,20,0,,-1,,,
"goal_5_296",5,296,448440,3000,0,0,0,11,20,0,,-1,,,
"goal_5_297",5,297,451440,3010,0,0,0,11,20,0,,-1,,,
"goal_5_298",5,298,454450,3020,0,0,0,11,20,0,,-1,,,
"goal_5_299",5,299,457470,3030,0,0,0,11,20,0,,-1,,,
"goal_5_300",5,300,460500,3040,0,0,0,11,20,0,,-1,,,
"goal_5_301",5,301,463540,3050,0,0,0,11,20,0,,-1,,,
"goal_5_302",5,302,466590,3060,0,0,0,11,20,0,,-1,,,
"goal_5_303",5,303,469650,3070,0,0,0,11,20,0,,-1,,,
"goal_5_304",5,304,472720,3080,0,0,0,11,20,0,,-1,,,
"goal_5_305",5,305,475800,3090,0,0,0,11,20,0,,-1,,,
"goal_5_306",5,306,478890,3100,0,0,0,11,20,0,,-1,,,
"goal_5_307",5,307,481990,3110,0,0,0,11,20,0,,-1,,,
"goal_5_308",5,308,485100,3120,0,0,0,11,20,0,,-1,,,
"goal_5_309",5,309,488220,3130,0,0,0,11,20,0,,-1,,,
"goal_5_310",5,310,491350,3140,0,0,0,11,20,0,,-1,,,
"goal_5_311",5,311,494490,3150,0,0,0,11,20,0,,-1,,,
"goal_5_312",5,312,497640,3160,0,0,0,11,20,0,,-1,,,
"goal_5_313",5,313,500800,3170,0,0,0,11,20,0,,-1,,,
"goal_5_314",5,314,503970,3180,0,0,0,11,20,0,,-1,,,
"goal_5_315",5,315,507150,3190,0,0,0,11,20,0,,-1,,,
"goal_5_316",5,316,510340,3200,0,0,0,11,20,0,,-1,,,
"goal_5_317",5,317,513540,3210,0,0,0,11,20,0,,-1,,,
"goal_5_318",5,318,516750,3220,0,0,0,11,20,0,,-1,,,
"goal_5_319",5,319,519970,3230,0,0,0,11,20,0,,-1,,,
"goal_5_320",5,320,523200,3240,0,0,0,11,20,0,,-1,,,
"goal_5_321",5,321,526440,3250,0,0,0,11,20,0,,-1,,,
"goal_5_322",5,322,529690,3260,0,0,0,11,20,0,,-1,,,
"goal_5_323",5,323,532950,3270,0,0,0,11,20,0,,-1,,,
"goal_5_324",5,324,536220,3280,0,0,0,11,20,0,,-1,,,
"goal_5_325",5,325,539500,3290,0,0,0,11,20,0,,-1,,,
"goal_5_326",5,326,542790,3300,0,0,0,11,20,0,,-1,,,
"goal_5_327",5,327,546090,3310,0,0,0,11,20,0,,-1,,,
"goal_5_328",5,328,549400,3320,0,0,0,11,20,0,,-1,,,
"goal_5_329",5,329,552720,3330,0,0,0,11,20,0,,-1,,,
"goal_5_330",5,330,556050,3340,0,0,0,11,20,0,,-1,,,
"goal_5_331",5,331,559390,3350,0,0,0,11,20,0,,-1,,,
"goal_5_332",5,332,562740,3360,0,0,0,11,20,0,,-1,,,
"goal_5_333",5,333,566100,3370,0,0,0,11,20,0,,-1,,,
"goal_5_334",5,334,569470,3380,0,0,0,11,20,0,,-1,,,
"goal_5_335",5,335,572850,3390,0,0,0,11,20,0,,-1,,,
"goal_5_336",5,336,576240,3400,0,0,0,11,20,0,,-1,,,
"goal_5_337",5,337,579640,3410,0,0,0,11,20,0,,-1,,,
"goal_5_338",5,338,583050,3420,0,0,0,11,20,0,,-1,,,
"goal_5_339",5,339,586470,3430,0,0,0,11,20,0,,-1,,,
"goal_5_340",5,340,589900,3440,0,0,0,11,20,0,,-1,,,
"goal_5_341",5,341,593340,3450,0,0,0,11,20,0,,-1,,,
"goal_5_342",5,342,596790,3460,0,0,0,11,20,0,,-1,,,
"goal_5_343",5,343,600250,3470,0,0,0,11,20,0,,-1,,,
"goal_5_344",5,344,603720,3480,0,0,0,11,20,0,,-1,,,
"goal_5_345",5,345,607200,3490,0,0,0,11,20,0,,-1,,,
"goal_5_346",5,346,610690,3500,0,0,0,11,20,0,,-1,,,
"goal_5_347",5,347,614190,3510,0,0,0,11,20,0,,-1,,,
"goal_5_348",5,348,617700,3520,0,0,0,11,20,0,,-1,,,
"goal_5_349",5,349,621220,3530,0,0,0,11,20,0,,-1,,,
"goal_5_350",5,350,624750,3540,0,0,0,11,20,0,,-1,,,
"goal_5_351",5,351,628290,3550,0,0,0,11,20,0,,-1,,,
"goal_5_352",5,352,631840,3560,0,0,0,11,20,0,,-1,,,
"goal_5_353",5,353,635400,3570,0,0,0,11,20,0,,-1,,,
"goal_5_354",5,354,638970,3580,0,0,0,11,20,0,,-1,,,
"goal_5_355",5,355,642550,3590,0,0,0,11,20,0,,-1,,,
"goal_5_356",5,356,646140,3600,0,0,0,11,20,0,,-1,,,
"goal_5_357",5,357,649740,3610,0,0,0,11,20,0,,-1,,,
"goal_5_358",5,358,653350,3620,0,0,0,11,20,0,,-1,,,
"goal_5_359",5,359,656970,3630,0,0,0,11,20,0,,-1,,,
"goal_5_360",5,360,660600,3640,0,0,0,11,20,0,,-1,,,
"goal_5_361",5,361,664240,3650,0,0,0,11,20,0,,-1,,,
"goal_5_362",5,362,667890,3660,0,0,0,11,20,0,,-1,,,
"goal_5_363",5,363,671550,3670,0,0,0,11,20,0,,-1,,,
"goal_5_364",5,364,675220,3680,0,0,0,11,20,0,,-1,,,
"goal_5_365",5,365,678900,3690,0,0,0,11,20,0,,-1,,,
"goal_5_366",5,366,682590,3700,0,0,0,11,20,0,,-1,,,
"goal_5_367",5,367,686290,3710,0,0,0,11,20,0,,-1,,,
"goal_5_368",5,368,690000,3720,0,0,0,11,20,0,,-1,,,
"goal_5_369",5,369,693720,3730,0,0,0,11,20,0,,-1,,,
"goal_5_370",5,370,697450,3740,0,0,0,11,20,0,,-1,,,
"goal_5_371",5,371,701190,3750,0,0,0,11,20,0,,-1,,,
"goal_5_372",5,372,704940,3760,0,0,0,11,20,0,,-1,,,
"goal_5_373",5,373,708700,3770,0,0,0,11,20,0,,-1,,,
"goal_5_374",5,374,712470,3780,0,0,0,11,20,0,,-1,,,
"goal_5_375",5,375,716250,3790,0,0,0,11,20,0,,-1,,,
"goal_5_376",5,376,720040,3800,0,0,0,11,20,0,,-1,,,
"goal_5_377",5,377,723840,3810,0,0,0,11,20,0,,-1,,,
"goal_5_378",5,378,727650,3820,0,0,0,11,20,0,,-1,,,
"goal_5_379",5,379,731470,3830,0,0,0,11,20,0,,-1,,,
"goal_5_380",5,380,735300,3840,0,0,0,11,20,0,,-1,,,
"goal_5_381",5,381,739140,3850,0,0,0,11,20,0,,-1,,,
"goal_5_382",5,382,742990,3860,0,0,0,11,20,0,,-1,,,
"goal_5_383",5,383,746850,3870,0,0,0,11,20,0,,-1,,,
"goal_5_384",5,384,750720,3880,0,0,0,11,20,0,,-1,,,
"goal_5_385",5,385,754600,3890,0,0,0,11,20,0,,-1,,,
"goal_5_386",5,386,758490,3900,0,0,0,11,20,0,,-1,,,
"goal_5_387",5,387,762390,3910,0,0,0,11,20,0,,-1,,,
"goal_5_388",5,388,766300,3920,0,0,0,11,20,0,,-1,,,
"goal_5_389",5,389,770220,3930,0,0,0,11,20,0,,-1,,,
"goal_5_390",5,390,774150,3940,0,0,0,11,20,0,,-1,,,
"goal_5_391",5,391,778090,3950,0,0,0,11,20,0,,-1,,,
"goal_5_392",5,392,782040,3960,0,0,0,11,20,0,,-1,,,
"goal_5_393",5,393,786000,3970,0,0,0,11,20,0,,-1,,,
"goal_5_394",5,394,789970,3980,0,0,0,11,20,0,,-1,,,
"goal_5_395",5,395,793950,3990,0,0,0,11,20,0,,-1,,,
"goal_5_396",5,396,797940,4000,0,0,0,11,20,0,,-1,,,
"goal_5_397",5,397,801940,4010,0,0,0,11,20,0,,-1,,,
"goal_5_398",5,398,805950,4020,0,0,0,11,20,0,,-1,,,
"goal_5_399",5,399,809970,4030,0,0,0,11,20,0,,-1,,,
"goal_5_400",5,400,814000,4040,0,0,0,11,20,0,,-1,,,
"goal_5_401",5,401,818040,4050,0,0,0,11,20,0,,-1,,,
"goal_5_402",5,402,822090,4060,0,0,0,11,20,0,,-1,,,
"goal_5_403",5,403,826150,4070,0,0,0,11,20,0,,-1,,,
"goal_5_404",5,404,830220,4080,0,0,0,11,20,0,,-1,,,
"goal_5_405",5,405,834300,4090,0,0,0,11,20,0,,-1,,,
"goal_5_406",5,406,838390,4100,0,0,0,11,20,0,,-1,,,
"goal_5_407",5,407,842490,4110,0,0,0,11,20,0,,-1,,,
"goal_5_408",5,408,846600,4120,0,0,0,11,20,0,,-1,,,
"goal_5_409",5,409,850720,4130,0,0,0,11,20,0,,-1,,,
"goal_5_410",5,410,854850,4140,0,0,0,11,20,0,,-1,,,
"goal_5_411",5,411,858990,4150,0,0,0,11,20,0,,-1,,,
"goal_5_412",5,412,863140,4160,0,0,0,11,20,0,,-1,,,
"goal_5_413",5,413,867300,4170,0,0,0,11,20,0,,-1,,,
"goal_5_414",5,414,871470,4180,0,0,0,11,20,0,,-1,,,
"goal_5_415",5,415,875650,4190,0,0,0,11,20,0,,-1,,,
"goal_5_416",5,416,879840,4200,0,0,0,11,20,0,,-1,,,
"goal_5_417",5,417,884040,4210,0,0,0,11,20,0,,-1,,,
"goal_5_418",5,418,888250,4220,0,0,0,11,20,0,,-1,,,
"goal_5_419",5,419,892470,4230,0,0,0,11,20,0,,-1,,,
"goal_5_420",5,420,896700,4240,0,0,0,11,20,0,,-1,,,
"goal_5_421",5,421,900940,4250,0,0,0,11,20,0,,-1,,,
"goal_5_422",5,422,905190,4260,0,0,0,11,20,0,,-1,,,
"goal_5_423",5,423,909450,4270,0,0,0,11,20,0,,-1,,,
"goal_5_424",5,424,913720,4280,0,0,0,11,20,0,,-1,,,
"goal_5_425",5,425,918000,4290,0,0,0,11,20,0,,-1,,,
"goal_5_426",5,426,922290,4300,0,0,0,11,20,0,,-1,,,
"goal_5_427",5,427,926590,4310,0,0,0,11,20,0,,-1,,,
"goal_5_428",5,428,930900,4320,0,0,0,11,20,0,,-1,,,
"goal_5_429",5,429,935220,4330,0,0,0,11,20,0,,-1,,,
"goal_5_430",5,430,939550,4340,0,0,0,11,20,0,,-1,,,
"goal_5_431",5,431,943890,4350,0,0,0,11,20,0,,-1,,,
"goal_5_432",5,432,948240,4360,0,0,0,11,20,0,,-1,,,
"goal_5_433",5,433,952600,4370,0,0,0,11,20,0,,-1,,,
"goal_5_434",5,434,956970,4380,0,0,0,11,20,0,,-1,,,
"goal_5_435",5,435,961350,4390,0,0,0,11,20,0,,-1,,,
"goal_5_436",5,436,965740,4400,0,0,0,11,20,0,,-1,,,
"goal_5_437",5,437,970140,4410,0,0,0,11,20,0,,-1,,,
"goal_5_438",5,438,974550,4420,0,0,0,11,20,0,,-1,,,
"goal_5_439",5,439,978970,4430,0,0,0,11,20,0,,-1,,,
"goal_5_440",5,440,983400,4440,0,0,0,11,20,0,,-1,,,
"goal_5_441",5,441,987840,4450,0,0,0,11,20,0,,-1,,,
"goal_5_442",5,442,992290,4460,0,0,0,11,20,0,,-1,,,
"goal_5_443",5,443,996750,4470,0,0,0,11,20,0,,-1,,,
"goal_5_444",5,444,1001220,4480,0,0,0,11,20,0,,-1,,,
"goal_5_445",5,445,1005700,4490,0,0,0,11,20,0,,-1,,,
"goal_5_446",5,446,1010190,4500,0,0,0,11,20,0,,-1,,,
"goal_5_447",5,447,1014690,4510,0,0,0,11,20,0,,-1,,,
"goal_5_448",5,448,1019200,4520,0,0,0,11,20,0,,-1,,,
"goal_5_449",5,449,1023720,4530,0,0,0,11,20,0,,-1,,,
"goal_5_450",5,450,1028250,4540,0,0,0,11,20,0,,-1,,,
"goal_5_451",5,451,1032790,4550,0,0,0,11,20,0,,-1,,,
"goal_5_452",5,452,1037340,4560,0,0,0,11,20,0,,-1,,,
"goal_5_453",5,453,1041900,4570,0,0,0,11,20,0,,-1,,,
"goal_5_454",5,454,1046470,4580,0,0,0,11,20,0,,-1,,,
"goal_5_455",5,455,1051050,4590,0,0,0,11,20,0,,-1,,,
"goal_5_456",5,456,1055640,4600,0,0,0,11,20,0,,-1,,,
"goal_5_457",5,457,1060240,4610,0,0,0,11,20,0,,-1,,,
"goal_5_458",5,458,1064850,4620,0,0,0,11,20,0,,-1,,,
"goal_5_459",5,459,1069470,4630,0,0,0,11,20,0,,-1,,,
"goal_5_460",5,460,1074100,4640,0,0,0,11,20,0,,-1,,,
"goal_5_461",5,461,1078740,4650,0,0,0,11,20,0,,-1,,,
"goal_5_462",5,462,1083390,4660,0,0,0,11,20,0,,-1,,,
"goal_5_463",5,463,1088050,4670,0,0,0,11,20,0,,-1,,,
"goal_5_464",5,464,1092720,4680,0,0,0,11,20,0,,-1,,,
"goal_5_465",5,465,1097400,4690,0,0,0,11,20,0,,-1,,,
"goal_5_466",5,466,1102090,4700,0,0,0,11,20,0,,-1,,,
"goal_5_467",5,467,1106790,4710,0,0,0,11,20,0,,-1,,,
"goal_5_468",5,468,1111500,4720,0,0,0,11,20,0,,-1,,,
"goal_5_469",5,469,1116220,4730,0,0,0,11,20,0,,-1,,,
"goal_5_470",5,470,1120950,4740,0,0,0,11,20,0,,-1,,,
"goal_5_471",5,471,1125690,4750,0,0,0,11,20,0,,-1,,,
"goal_5_472",5,472,1130440,4760,0,0,0,11,20,0,,-1,,,
"goal_5_473",5,473,1135200,4770,0,0,0,11,20,0,,-1,,,
"goal_5_474",5,474,1139970,4780,0,0,0,11,20,0,,-1,,,
"goal_5_475",5,475,1144750,4790,0,0,0,11,20,0,,-1,,,
"goal_5_476",5,476,1149540,4800,0,0,0,11,20,0,,-1,,,
"goal_5_477",5,477,1154340,4810,0,0,0,11,20,0,,-1,,,
"goal_5_478",5,478,1159150,4820,0,0,0,11,20,0,,-1,,,
"goal_5_479",5,479,1163970,4830,0,0,0,11,20,0,,-1,,,
"goal_5_480",5,480,1168800,4840,0,0,0,11,20,0,,-1,,,
"goal_5_481",5,481,1173640,4850,0,0,0,11,20,0,,-1,,,
"goal_5_482",5,482,1178490,4860,0,0,0,11,20,0,,-1,,,
"goal_5_483",5,483,1183350,4870,0,0,0,11,20,0,,-1,,,
"goal_5_484",5,484,1188220,4880,0,0,0,11,20,0,,-1,,,
"goal_5_485",5,485,1193100,4890,0,0,0,11,20,0,,-1,,,
"goal_5_486",5,486,1197990,4900,0,0,0,11,20,0,,-1,,,
"goal_5_487",5,487,1202890,4910,0,0,0,11,20,0,,-1,,,
"goal_5_488",5,488,1207800,4920,0,0,0,11,20,0,,-1,,,
"goal_5_489",5,489,1212720,4930,0,0,0,11,20,0,,-1,,,
"goal_5_490",5,490,1217650,4940,0,0,0,11,20,0,,-1,,,
"goal_5_491",5,491,1222590,4950,0,0,0,11,20,0,,-1,,,
"goal_5_492",5,492,1227540,4960,0,0,0,11,20,0,,-1,,,
"goal_5_493",5,493,1232500,4970,0,0,0,11,20,0,,-1,,,
"goal_5_494",5,494,1237470,4980,0,0,0,11,20,0,,-1,,,
"goal_5_495",5,495,1242450,4990,0,0,0,11,20,0,,-1,,,
"goal_5_496",5,496,1247440,5000,0,0,0,11,20,0,,-1,,,
"goal_5_497",5,497,1252440,5010,0,0,0,11,20,0,,-1,,,
"goal_5_498",5,498,1257450,5020,0,0,0,11,20,0,,-1,,,
"goal_6_0",6,0,0,5,0,0,0,6,1,0,,-1,,,
"goal_6_1",6,1,5,5,0,0,0,3,1,0,"Shaman",6,1,0,
"goal_6_2",6,2,10,10,0,0,0,6,1,0,,-1,,,
"goal_6_3",6,3,20,10,0,0,0,13,0,2,,-1,,,
"goal_6_4",6,4,30,10,0,0,0,6,1,0,,-1,,,
"goal_6_5",6,5,40,20,0,0,0,3,1,0,"Gunslinger",6,1,0,
"goal_6_6",6,6,60,40,0,0,0,9,200,0,,-1,,,
"goal_6_7",6,7,100,50,0,0,0,13,0,3,,-1,,,
"goal_6_8",6,8,150,50,0,0,0,12,25,0,,6,1,0,
"goal_6_9",6,9,200,50,0,0,0,3,1,0,"BullDude",6,1,0,
"goal_6_10",6,10,250,50,0,0,0,6,1,0,,-1,,,
"goal_6_11",6,11,300,50,0,0,0,13,0,7,,-1,,,
"goal_6_12",6,12,350,50,0,0,0,12,25,0,,6,1,0,
"goal_6_13",6,13,400,50,0,0,0,6,1,0,,-1,,,
"goal_6_14",6,14,450,50,1,0,0,3,1,0,"Mechanic",6,1,0,
"goal_6_15",6,15,500,50,1,0,0,1,50,0,,-1,,,
"goal_6_16",6,16,550,50,1,0,0,12,25,0,,6,1,0,
"goal_6_17",6,17,600,50,1,1,0,14,1,0,,-1,,,
"goal_6_18",6,18,650,50,1,1,0,1,50,0,,-1,,,
"goal_6_19",6,19,700,50,1,1,0,6,1,0,,-1,,,
"goal_6_20",6,20,750,50,1,2,0,13,0,4,,-1,,,
"goal_6_21",6,21,800,50,1,2,0,12,25,0,,6,1,0,
"goal_6_22",6,22,850,50,1,2,0,1,50,0,,-1,,,
"goal_6_23",6,23,900,50,1,2,0,7,10,0,,-1,,,
"goal_6_24",6,24,950,50,2,0,0,3,1,0,"RocketGirl",6,1,0,
"goal_6_25",6,25,1000,100,2,0,0,1,50,0,,-1,,,
"goal_6_26",6,26,1100,100,2,0,0,6,1,0,,-1,,,
"goal_6_27",6,27,1200,100,2,1,0,12,75,0,,6,1,0,
"goal_6_28",6,28,1300,100,2,1,0,1,50,0,,-1,,,
"goal_6_29",6,29,1400,100,2,1,0,12,25,0,,6,1,0,
"goal_6_30",6,30,1500,100,2,2,0,14,1,0,,-1,,,
"goal_6_31",6,31,1600,100,2,2,0,1,50,0,,-1,,,
"goal_6_32",6,32,1700,100,2,2,0,6,1,0,,-1,,,
"goal_6_33",6,33,1800,100,2,2,0,12,25,0,,6,1,0,
"goal_6_34",6,34,1900,100,3,0,0,3,1,0,"TntDude",6,1,0,
"goal_6_35",6,35,2000,100,3,0,0,1,50,0,,-1,,,
"goal_6_36",6,36,2100,100,3,0,0,6,1,0,,-1,,,
"goal_6_37",6,37,2200,100,3,1,0,12,150,0,,6,1,0,
"goal_6_38",6,38,2300,100,3,1,0,1,50,0,,-1,,,
"goal_6_39",6,39,2400,100,3,1,0,6,1,0,,-1,,,
"goal_6_40",6,40,2500,100,3,2,0,1,150,0,,-1,,,
"goal_6_41",6,41,2600,100,3,2,0,6,1,0,,-1,,,
"goal_6_42",6,42,2700,100,3,2,0,12,25,0,,6,1,0,
"goal_6_43",6,43,2800,100,3,2,0,1,50,0,,-1,,,
"goal_6_44",6,44,2900,100,4,0,0,3,1,0,"BowDude",6,1,0,
"goal_6_45",6,45,3000,100,4,0,0,1,50,0,,-1,,,
"goal_6_46",6,46,3100,100,4,0,0,12,25,0,,6,1,0,
"goal_6_47",6,47,3200,100,4,1,0,1,300,0,,-1,,,
"goal_6_48",6,48,3300,100,4,1,0,6,1,0,,-1,,,
"goal_6_49",6,49,3400,100,4,1,0,1,50,0,,-1,,,
"goal_6_50",6,50,3500,100,4,2,0,9,600,0,,-1,,,
"goal_6_51",6,51,3600,100,4,2,0,6,1,0,,-1,,,
"goal_6_52",6,52,3700,100,4,2,0,12,25,0,,6,1,0,
"goal_6_53",6,53,3800,100,4,2,0,1,50,0,,-1,,,
"goal_6_54",6,54,3900,100,5,0,0,3,1,0,"ClusterBombDude",6,1,0,
"goal_6_55",6,55,4000,150,5,0,0,12,25,0,,6,1,0,
"goal_6_56",6,56,4150,150,5,0,0,1,50,0,,-1,,,
"goal_6_57",6,57,4300,200,5,1,0,14,1,0,,-1,,,
"goal_6_58",6,58,4500,250,5,1,0,12,25,0,,6,1,0,
"goal_6_59",6,59,4750,250,5,2,0,10,1,0,,-1,,,
"goal_6_60",6,60,5000,150,5,2,0,12,25,0,,6,1,0,
"goal_6_61",6,61,5150,150,5,2,0,6,1,0,,-1,,,
"goal_6_62",6,62,5300,200,5,3,0,1,150,0,,-1,,,
"goal_6_63",6,63,5500,250,5,3,0,12,25,0,,6,1,0,
"goal_6_64",6,64,5750,250,6,0,0,10,1,0,,-1,,,
"goal_6_65",6,65,6000,150,6,0,0,1,50,0,,-1,,,
"goal_6_66",6,66,6150,150,6,0,0,6,1,0,,-1,,,
"goal_6_67",6,67,6300,200,6,1,0,12,75,0,,6,1,0,
"goal_6_68",6,68,6500,250,6,1,0,1,50,0,,-1,,,
"goal_6_69",6,69,6750,250,6,2,0,10,1,0,,-1,,,
"goal_6_70",6,70,7000,150,6,2,0,1,50,0,,-1,,,
"goal_6_71",6,71,7150,150,6,2,0,12,25,0,,6,1,0,
"goal_6_72",6,72,7300,200,6,3,0,14,1,0,,-1,,,
"goal_6_73",6,73,7500,250,6,3,0,1,50,0,,-1,,,
"goal_6_74",6,74,7750,250,7,0,0,10,1,0,,-1,,,
"goal_6_75",6,75,8000,150,7,0,0,12,25,0,,6,1,0,
"goal_6_76",6,76,8150,150,7,0,0,6,1,0,,-1,,,
"goal_6_77",6,77,8300,200,7,1,0,1,150,0,,-1,,,
"goal_6_78",6,78,8500,250,7,1,0,6,1,0,,-1,,,
"goal_6_79",6,79,8750,250,7,2,0,10,1,0,,-1,,,
"goal_6_80",6,80,9000,150,7,2,0,1,50,0,,-1,,,
"goal_6_81",6,81,9150,150,7,2,0,12,25,0,,6,1,0,
"goal_6_82",6,82,9300,200,7,3,0,1,150,0,,-1,,,
"goal_6_83",6,83,9500,250,7,3,0,6,1,0,,-1,,,
"goal_6_84",6,84,9750,250,8,0,0,10,1,0,,-1,,,
"goal_6_85",6,85,10000,500,8,0,0,1,150,0,,-1,,,
"goal_6_86",6,86,10500,500,8,1,0,1,300,0,,-1,,,
"goal_6_87",6,87,11000,500,8,1,0,1,150,0,,-1,,,
"goal_6_88",6,88,11500,500,8,2,0,10,1,0,,-1,,,
"goal_6_89",6,89,12000,500,8,2,0,1,150,0,,-1,,,
"goal_6_90",6,90,12500,500,8,3,0,1,300,0,,-1,,,
"goal_6_91",6,91,13000,500,8,3,0,1,150,0,,-1,,,
"goal_6_92",6,92,13500,500,8,4,0,10,1,0,,-1,,,
"goal_6_93",6,93,14000,500,8,4,0,1,150,0,,-1,,,
"goal_7_0",7,0,0,0,0,0,0,-1,,,,-1,,,
"goal_7_1",7,1,0,20,0,0,0,-1,,,,-1,,,
"goal_7_2",7,2,20,30,0,0,0,-1,,,,-1,,,
"goal_7_3",7,3,50,50,0,0,0,-1,,,,-1,,,
"goal_7_4",7,4,100,80,0,0,0,-1,,,,-1,,,
"goal_7_5",7,5,180,130,0,0,0,-1,,,,-1,,,
"goal_7_6",7,6,310,210,0,0,0,-1,,,,-1,,,
"goal_7_7",7,7,520,340,0,0,0,-1,,,,-1,,,
"goal_7_8",7,8,860,550,0,0,0,-1,,,,-1,,,
"Goal_8_0",8,0,0,25,,,,,,,,,,,
"Goal_8_1",8,1,25,50,,,,,,,,,,,
"Goal_8_2",8,2,75,100,,,,,,,,,,,
"Goal_8_3",8,3,175,175,,,,,,,,,,,
"Goal_8_4",8,4,350,275,,,,,,,,,,,
"Goal_8_5",8,5,625,400,,,,,,,,,,,
"Goal_8_6",8,6,1025,550,,,,,,,,,,,
"Goal_8_7",8,7,1575,750,,,,,,,,,,,
"Goal_8_8",8,8,2325,1000,,,,,,,,,,,
"Goal_8_9",8,9,3325,1300,,,,,,,,,,,
"Goal_8_10",8,10,4625,1650,,,,,,,,,,,
"Goal_8_11",8,11,6275,2050,,,,,,,,,,,
"Goal_8_12",8,12,8325,2500,,,,,,,,,,,
"Goal_8_13",8,13,10825,3000,,,,,,,,,,,
"Goal_8_14",8,14,13825,3550,,,,,,,,,,,
"Goal_8_15",8,15,17375,4150,,,,,,,,,,,
"Goal_8_16",8,16,21525,4800,,,,,,,,,,,
"Goal_8_17",8,17,26325,5500,,,,,,,,,,,
"Goal_8_18",8,18,31825,6250,,,,,,,,,,,
"Goal_8_19",8,19,38075,7050,,,,,,,,,,,
"Goal_8_20",8,20,45125,7900,,,,,,,,,,,
"Goal_8_21",8,21,53025,8800,,,,,,,,,,,
"Goal_8_22",8,22,61825,9750,,,,,,,,,,,
"Goal_8_23",8,23,71575,10750,,,,,,,,,,,
"Goal_8_24",8,24,82325,11800,,,,,,,,,,,
"Goal_8_25",8,25,94125,12900,,,,,,,,,,,
"Goal_8_26",8,26,107025,14050,,,,,,,,,,,
"Goal_8_27",8,27,121075,15250,,,,,,,,,,,
"Goal_8_28",8,28,136325,16500,,,,,,,,,,,
"Goal_8_29",8,29,152825,17800,,,,,,,,,,,
"Goal_8_30",8,30,170625,19150,,,,,,,,,,,
"Goal_8_31",8,31,189775,20550,,,,,,,,,,,
"Goal_8_32",8,32,210325,22000,,,,,,,,,,,
"Goal_8_33",8,33,232325,23500,,,,,,,,,,,
"Goal_8_34",8,34,255825,25050,,,,,,,,,,,
"Goal_8_35",8,35,280875,26650,,,,,,,,,,,
"Goal_8_36",8,36,307525,28300,,,,,,,,,,,
"Goal_8_37",8,37,335825,30000,,,,,,,,,,,
"Goal_8_38",8,38,365825,31750,,,,,,,,,,,
"Goal_8_39",8,39,397575,33550,,,,,,,,,,,
"Goal_8_40",8,40,431125,35400,,,,,,,,,,,
"Goal_8_41",8,41,466525,37300,,,,,,,,,,,
"Goal_8_42",8,42,503825,39250,,,,,,,,,,,
"Goal_8_43",8,43,543075,41250,,,,,,,,,,,
"Goal_8_44",8,44,584325,43300,,,,,,,,,,,
"Goal_8_45",8,45,627625,45400,,,,,,,,,,,
"Goal_8_46",8,46,673025,47550,,,,,,,,,,,
"Goal_8_47",8,47,720575,49750,,,,,,,,,,,
"Goal_8_48",8,48,770325,52000,,,,,,,,,,,
"Goal_8_49",8,49,822325,54300,,,,,,,,,,,
"Goal_8_50",8,50,876625,56650,,,,,,,,,,,
